VisualizationID	SpecFile	LocalSpecIdx	Scan	LocalPeptideIdx	Name	Score	P-Value	PeptideMass	SpectrumMass	Retention	Adduct	Charge	SMILES	FDR
spectra-00000_PSM_2_HEDFMHT7MN	ce4f631e7a2b4ea9b7696878e83684c4/spectra/specs_ms.mgf	26937	402055	5123	Cyclosporin,_9CI_2-[O-(2-Hydroxyethyl)-D-serine]	13	3.3e-23	1261.86	1202.85	441.753	M+H	1	CC=CCC(C)C(C1C(=O)NC(CC)C(=O)N(C)CC(=O)N(C)C(CC(C)C)C(=O)NC(C(C)C)C(=O)N(C)C(CC(C)C)C(=O)NC(C)C(=O)NC(C)C(=O)N(C)C(CC(C)COCCO)C(=O)N(C)C(CC(C)C)C(=O)N(C)C(C(C)C)C(=O)N1C)O	0.00
spectra-00000_PSM_4_N7M38W98R8	ce4f631e7a2b4ea9b7696878e83684c4/spectra/specs_ms.mgf	26531	395704	8781	stylissamide_B	12	2.5e-21	811.427	828.468	290.223	M+H	1	c1(CC2C(=O)N3[C@@H](CCC3)C(=O)N[C@H](C(=O)N3[C@H](C(=O)N4[C@H](C(=O)N5[C@H](C(=O)N[C@H](C(=O)N2)C(CC)C)CCC5)CCC4)CCC3)Cc2ccccc2)ccc(cc1)O	0.00
spectra-00000_PSM_0_CXLFH6705H	ce4f631e7a2b4ea9b7696878e83684c4/spectra/specs_ms.mgf	24312	344704	103	Cyclosporin,_9CI_10-(2-Aminobutanoic_acid)_analogue	14	6.5e-21	1187.83	601.928	386.441	M+2H	2	CC=CCC(C)C(C1C(=O)NC(CC)C(=O)N(C)CC(=O)N(C)C(CC(C)C)C(=O)NC(CC)C(=O)N(C)C(CC(C)C)C(=O)NC(C)C(=O)NC(C)C(=O)N(C)C(CC(C)C)C(=O)N(C)C(CC(C)C)C(=O)N(C)C(C(C)C)C(=O)N1C)O	0.00
None	ce4f631e7a2b4ea9b7696878e83684c4/spectra/specs_ms.mgf	26526	395674	8796	hymenamide_C	13	8.3e-21	826.401	827.408	288.534	M+H	1	[C@@H]1(C(=O)N[C@H](C(=O)N[C@H](C(=O)N2[C@H](C(=O)N[C@H](C(=O)NCC(=O)N3[C@H](C(=O)N1)CCC3)Cc1ccccc1)CCC2)Cc1c[nH]c2c1cccc2)CC(C)C)CCC(=O)O	0.00
spectra-00000_PSM_10_FG29L9CB5M	ce4f631e7a2b4ea9b7696878e83684c4/spectra/specs_ms.mgf	26692	398651	8556	PHB;_sPHB;_Poly-(hydroxybutyric_acid),_m	7	4.1e-20	878.378	896.411	356.547	M+H	1	C(=O)(CC(OC(=O)CC(OC(=O)CC(OC(=O)CC(O)C)C)C)C)OC(CC(=O)OC(CC(=O)OC(CC(=O)OC(CC(=O)OC(CC(=O)OC(CC(=O)O)C)C)C)C)C)C	0.00
spectra-00000_PSM_9_3UG1S9F7Z1	ce4f631e7a2b4ea9b7696878e83684c4/spectra/specs_ms.mgf	26855	400516	9212	stylissamide_X	9	2.4e-19	951.522	985.549	304.692	M+H	1	[C@@H]12N(C(=O)[C@@H](NC(=O)[C@@H](NC(=O)[C@H]3N(C(=O)[C@@H](NC(=O)[C@H]4N(C(=O)[C@@H](NC(=O)[C@@H](NC1=O)CC(C)C)[C@@H](C)O)CCC4)[C@H](CC)C)CCC3)Cc1c3c([nH]c1)cccc3)Cc1ccccc1)CCC2	0.00
None	ce4f631e7a2b4ea9b7696878e83684c4/spectra/specs_ms.mgf	26320	390963	8809	hymenamide_D	12	2.6e-19	769.401	770.408	242.411	M+H	1	[C@@H]1(C(=O)N[C@H](C(=O)N[C@H](C(=O)N2[C@H](C(=O)N[C@H](C(=O)N[C@H](C(=O)N3[C@H](C(=O)N1)CCC3)CC(=O)O)Cc1ccc(cc1)O)CCC2)[C@H](CC)C)C)CC(C)C	0.00
None	ce4f631e7a2b4ea9b7696878e83684c4/spectra/specs_ms.mgf	26798	399909	9212	stylissamide_X	10	1.9e-18	951.522	952.528	341.065	M+H	1	[C@@H]12N(C(=O)[C@@H](NC(=O)[C@@H](NC(=O)[C@H]3N(C(=O)[C@@H](NC(=O)[C@H]4N(C(=O)[C@@H](NC(=O)[C@@H](NC1=O)CC(C)C)[C@@H](C)O)CCC4)[C@H](CC)C)CCC3)Cc1c3c([nH]c1)cccc3)Cc1ccccc1)CCC2	0.00
spectra-00000_PSM_8_5LVPUN01CY	ce4f631e7a2b4ea9b7696878e83684c4/spectra/specs_ms.mgf	26827	400283	9212	stylissamide_X	9	4.1e-18	951.522	968.523	304.164	M+H	1	[C@@H]12N(C(=O)[C@@H](NC(=O)[C@@H](NC(=O)[C@H]3N(C(=O)[C@@H](NC(=O)[C@H]4N(C(=O)[C@@H](NC(=O)[C@@H](NC1=O)CC(C)C)[C@@H](C)O)CCC4)[C@H](CC)C)CCC3)Cc1c3c([nH]c1)cccc3)Cc1ccccc1)CCC2	0.00
spectra-00000_PSM_5_8V7B0NFV83	ce4f631e7a2b4ea9b7696878e83684c4/spectra/specs_ms.mgf	24655	353227	499	Sanguinamide_A_Sanguinamide_A	11	4.4e-18	721.362	618.33	289.544	M+H	1	CCC(C)C1c2nc(cs2)C(=O)NC(C)C(=O)NC(Cc2ccccc2)C(=O)N2CCCC2C(=O)NC(C(C)CC)C(=O)N2CCCC2C(=O)N1	0.00
spectra-00000_PSM_7_IR7C2TF3I4	ce4f631e7a2b4ea9b7696878e83684c4/spectra/specs_ms.mgf	21675	302109	8383	Chrysosporide	9	1.8e-17	509.358	512.344	193.19	M+H	1	N1C(=O)[C@H](NC(=O)[C@@H](NC(=O)[C@@H](NC(=O)[C@H](NC(=O)[C@@H]1C(C)C)C)CC(C)C)CC(C)C)CC(C)C	0.00
spectra-00000_PSM_12_CYYF92OPY4	ce4f631e7a2b4ea9b7696878e83684c4/spectra/specs_ms.mgf	26295	390749	6649	Cyclotheonamide_Cyclotheonamide_E3	7	7.7e-15	824.454	766.412	258.81	M+H	1	CCC(C)C1C(=O)NC(C=CC(=O)NCC(C(=O)N2CCCC2C(=O)NC(CCCNC(=N)N)C(=O)C(=O)N1)NC(=O)C(C)NC(=O)CC(C)C)Cc1ccc(cc1)O	8.33
spectra-00000_PSM_13_9J8324DO5J	ce4f631e7a2b4ea9b7696878e83684c4/spectra/specs_ms.mgf	26002	382538	504	Nocardiamide_A_Nocardiamide_A	12	2.3e-14	686.437	715.475	351.055	M+H	1	CCC(C)C1C(=O)NC(Cc2ccc(cc2)O)C(=O)NC(C(C)C)C(=O)NC(C(C)C)C(=O)NC(C(C)C)C(=O)NC(CC(C)C)C(=O)N1	7.69
spectra-00000_PSM_14_CQBOWH5QBI	ce4f631e7a2b4ea9b7696878e83684c4/spectra/specs_ms.mgf	23652	333332	504	Nocardiamide_A_Nocardiamide_A	8	6.7e-14	686.437	574.359	213.417	M+H	1	CCC(C)C1C(=O)NC(Cc2ccc(cc2)O)C(=O)NC(C(C)C)C(=O)NC(C(C)C)C(=O)NC(C(C)C)C(=O)NC(CC(C)C)C(=O)N1	7.14
spectra-00000_PSM_15_CVC6W52STB	ce4f631e7a2b4ea9b7696878e83684c4/spectra/specs_ms.mgf	22922	320626	5867	Isariins_Isariin_E	8	8.1e-14	553.348	548.344	224.169	M+H	1	CCCC1CC(=O)NCC(=O)NC(C(C)C)C(=O)NC(CC(C)C)C(=O)NC(C)C(=O)NC(C(C)C)C(=O)O1	6.67
spectra-00000_PSM_16_YURRHV8384	ce4f631e7a2b4ea9b7696878e83684c4/spectra/specs_ms.mgf	16508	219079	8383	Chrysosporide	7	1.1e-13	509.358	415.292	182.104	M+H	1	N1C(=O)[C@H](NC(=O)[C@@H](NC(=O)[C@@H](NC(=O)[C@H](NC(=O)[C@@H]1C(C)C)C)CC(C)C)CC(C)C)CC(C)C	6.25
spectra-00000_PSM_17_5SEX9C6GU0	ce4f631e7a2b4ea9b7696878e83684c4/spectra/specs_ms.mgf	26690	398588	6853	Ceratospongamide_Ceratospongamide	6	1.6e-13	767.347	891.471	225.39	M+H	1	CCC(C)C1C2=NC(C(C)O2)C(=O)NC(Cc2ccccc2)C(=O)N2CCCC2c2nc(cs2)C(=O)NC(Cc2ccccc2)C(=O)N2CCCC2C(=O)N1	5.88
spectra-00000_PSM_18_4O69GBHTGG	ce4f631e7a2b4ea9b7696878e83684c4/spectra/specs_ms.mgf	21135	291405	5867	Isariins_Isariin_E	10	5.8e-13	553.348	498.329	192.287	M+H	1	CCCC1CC(=O)NCC(=O)NC(C(C)C)C(=O)NC(CC(C)C)C(=O)NC(C)C(=O)NC(C(C)C)C(=O)O1	5.56
spectra-00000_PSM_19_EQBT2LFUTJ	ce4f631e7a2b4ea9b7696878e83684c4/spectra/specs_ms.mgf	26502	394996	7485	Aurilide_B_Aurilide_B	8	1.3e-12	833.551	817.517	350.081	M+H	1	CCC=C(C)C1C(C)C(CC=C(C)C(=O)OC(C(C)CC)C(=O)NC(C(C)C)C(=O)N(C)C(C(C)CC)C(=O)N(C)CC(=O)NC(C(C)C)C(=O)N(C)C(C)C(=O)O1)O	5.26
spectra-00000_PSM_20_E1V2QKSIZP	ce4f631e7a2b4ea9b7696878e83684c4/spectra/specs_ms.mgf	26828	400290	9212	stylissamide_X	6	1.9e-12	951.522	969.554	346.238	M+H	1	[C@@H]12N(C(=O)[C@@H](NC(=O)[C@@H](NC(=O)[C@H]3N(C(=O)[C@@H](NC(=O)[C@H]4N(C(=O)[C@@H](NC(=O)[C@@H](NC1=O)CC(C)C)[C@@H](C)O)CCC4)[C@H](CC)C)CCC3)Cc1c3c([nH]c1)cccc3)Cc1ccccc1)CCC2	5.00
spectra-00000_PSM_21_HSHKM7HI6B	ce4f631e7a2b4ea9b7696878e83684c4/spectra/specs_ms.mgf	14286	188472	5820	Unguisin_E_Unguisin_E	8	1.9e-12	772.427	383.747	186.309	M+2H	2	CC(C)C1C(=O)NC(C)C(=O)NC(Cc2c[nH]c3ccccc23)C(=O)NCCCC(=O)NC(C)C(=O)NC(C(C)C)C(=O)NC(C(C)c2ccccc2)C(=O)N1	0.00
spectra-00000_PSM_22_0XEO1NMKZS	ce4f631e7a2b4ea9b7696878e83684c4/spectra/specs_ms.mgf	17395	228420	9159	phakellistatin_15	9	2.4e-12	917.537	429.255	278.73	M+2H	2	N1[C@H](C(=O)N2[C@@H](CCC2)C(=O)N[C@H](C(=O)N[C@H](C(=O)N2[C@@H](CCC2)C(=O)N[C@H](C(=O)N2[C@@H](CCC2)C(=O)N[C@H](C1=O)Cc1c2c([nH]c1)cccc2)CC(C)C)[C@H](O)C)CC(C)C)[C@@H](C)CC	0.00
None	ce4f631e7a2b4ea9b7696878e83684c4/spectra/specs_ms.mgf	25539	370831	2065	Scopularide_A_Scopularide_A	8	2.5e-12	671.426	672.433	402.241	M+H	1	CCCCCCC(C)C1CC(=O)NCC(=O)NC(C(C)C)C(=O)NC(CC(C)C)C(=O)NC(C)C(=O)NC(Cc2ccccc2)C(=O)O1	4.76
spectra-00000_PSM_25_2FVI696M4X	ce4f631e7a2b4ea9b7696878e83684c4/spectra/specs_ms.mgf	23156	323528	6457	Actinomycin_F2_Actinomycin_F2	7	3.1e-12	1242.63	555.848	168.429	M+2H	2	CCC(C)C1C(=O)N(C)CC(=O)N(C)CC(=O)N(C)C(C(C)C)C(=O)OC(C)C(C(=O)N1)NC(=O)c1c(c(=O)c(C)c2c1nc1c(ccc(C)c1o2)C(=O)NC1C(C)OC(=O)C(C(C)C)N(C)C(=O)CN(C)C(=O)C2CCCN2C(=O)C(C(C)C)NC1=O)N	20.00
spectra-00000_PSM_26_NLILGGN651	ce4f631e7a2b4ea9b7696878e83684c4/spectra/specs_ms.mgf	21757	302867	5867	Isariins_Isariin_E	8	3.7e-12	553.348	514.357	208.234	M+H	1	CCCC1CC(=O)NCC(=O)NC(C(C)C)C(=O)NC(CC(C)C)C(=O)NC(C)C(=O)NC(C(C)C)C(=O)O1	4.55
spectra-00000_PSM_27_ETXM398K4K	ce4f631e7a2b4ea9b7696878e83684c4/spectra/specs_ms.mgf	13248	175873	8589	Emericellamide_B	6	5.1e-12	651.457	369.279	468.517	M+2H	2	O1[C@@H]([C@H](C(=O)NCC(=O)N[C@H](C(=O)N[C@H](C(=O)N[C@H](C(=O)N[C@H](C1=O)C)C)CC(C)C)C(C)C)C)[C@H](C[C@H](CCCCCC)C)C	16.67
spectra-00000_PSM_28_7K4XVFG89X	ce4f631e7a2b4ea9b7696878e83684c4/spectra/specs_ms.mgf	20526	283885	9120	hymenamide_H	8	5.9e-12	903.522	484.765	304.529	M+2H	2	[C@@H]1(C(=O)N[C@H](C(=O)N2[C@H](C(=O)N[C@@H](CC(C)C)C(=O)N[C@@H]([C@H](O)C)C(=O)N3[C@H](C(=O)N[C@H](C(=O)N4[C@H](C(=O)N1)CCC4)CC(C)C)CCC3)CCC2)C(C)C)Cc1c2c([nH]c1)cccc2	14.29
spectra-00000_PSM_29_7QP9R8OITZ	ce4f631e7a2b4ea9b7696878e83684c4/spectra/specs_ms.mgf	12139	152294	5805	Isariins_Isariin_C2	6	6.7e-12	567.363	355.263	444.968	M+2H	2	CCCCC1CC(=O)NCC(=O)NC(C(C)C)C(=O)NC(CC(C)C)C(=O)NC(C)C(=O)NC(C(C)C)C(=O)O1	12.50
spectra-00000_PSM_30_2QLSQLKHKZ	ce4f631e7a2b4ea9b7696878e83684c4/spectra/specs_ms.mgf	24011	339736	504	Nocardiamide_A_Nocardiamide_A	6	8.2e-12	686.437	588.375	227.183	M+H	1	CCC(C)C1C(=O)NC(Cc2ccc(cc2)O)C(=O)NC(C(C)C)C(=O)NC(C(C)C)C(=O)NC(C(C)C)C(=O)NC(CC(C)C)C(=O)N1	4.35
spectra-00000_PSM_31_83BV9G5UGU	ce4f631e7a2b4ea9b7696878e83684c4/spectra/specs_ms.mgf	16731	221586	6853	Ceratospongamide_Ceratospongamide	7	9.7e-12	767.347	419.229	156.77	M+2H	2	CCC(C)C1C2=NC(C(C)O2)C(=O)NC(Cc2ccccc2)C(=O)N2CCCC2c2nc(cs2)C(=O)NC(Cc2ccccc2)C(=O)N2CCCC2C(=O)N1	11.11
spectra-00000_PSM_32_X4RA8VE5LQ	ce4f631e7a2b4ea9b7696878e83684c4/spectra/specs_ms.mgf	16183	212390	6853	Ceratospongamide_Ceratospongamide	6	1.1e-11	767.347	411.22	350.087	M+2H	2	CCC(C)C1C2=NC(C(C)O2)C(=O)NC(Cc2ccccc2)C(=O)N2CCCC2c2nc(cs2)C(=O)NC(Cc2ccccc2)C(=O)N2CCCC2C(=O)N1	10.00
spectra-00000_PSM_33_Y2Q2CE8XHJ	ce4f631e7a2b4ea9b7696878e83684c4/spectra/specs_ms.mgf	15886	209204	4162	Cyclodidemnamide_Cyclodidemnamide	6	1.3e-11	693.277	407.227	163.734	M+2H	2	CC(C)C1c2nc(cs2)C(=O)NC(Cc2ccccc2)C2=NC(C(C)O2)C(=O)NC(C(C)C)C(=O)N2CCCC2C2=NC(CS2)C(=O)N1	9.09
spectra-00000_PSM_34_7LMITUL2LM	ce4f631e7a2b4ea9b7696878e83684c4/spectra/specs_ms.mgf	12335	154857	499	Sanguinamide_A_Sanguinamide_A	8	1.8e-11	721.362	358.195	47.2648	M+2H	2	CCC(C)C1c2nc(cs2)C(=O)NC(C)C(=O)NC(Cc2ccccc2)C(=O)N2CCCC2C(=O)NC(C(C)CC)C(=O)N2CCCC2C(=O)N1	8.33
spectra-00000_PSM_35_KOG96L0EK5	ce4f631e7a2b4ea9b7696878e83684c4/spectra/specs_ms.mgf	12145	152361	8589	Emericellamide_B	6	3.0e-11	651.457	355.282	422.621	M+2H	2	O1[C@@H]([C@H](C(=O)NCC(=O)N[C@H](C(=O)N[C@H](C(=O)N[C@H](C(=O)N[C@H](C1=O)C)C)CC(C)C)C(C)C)C)[C@H](C[C@H](CCCCCC)C)C	7.69
spectra-00000_PSM_36_CM4S7FP7A9	ce4f631e7a2b4ea9b7696878e83684c4/spectra/specs_ms.mgf	26210	387887	499	Sanguinamide_A_Sanguinamide_A	9	3.8e-11	721.362	748.402	277.715	M+H	1	CCC(C)C1c2nc(cs2)C(=O)NC(C)C(=O)NC(Cc2ccccc2)C(=O)N2CCCC2C(=O)NC(C(C)CC)C(=O)N2CCCC2C(=O)N1	4.17
spectra-00000_PSM_37_E7N14W4FHN	ce4f631e7a2b4ea9b7696878e83684c4/spectra/specs_ms.mgf	24139	342421	2464	Cyclolithistide_A_Cyclolithistide_A	8	3.9e-11	1163.6	594.336	233.575	M+2H	2	CCCC1C(=O)NC(CCC(=N)O)C(=O)NC(C(C)O)C(=O)NC(Cc2ccccc2)C(=O)N(C)C(CC(C)C)C(=O)NC(C)C(=O)NC(C(C)C(C)Cl)C(=O)OC(C)C(C(CC(=O)NCC(=O)N1)O)NC(=O)C(CC(C)C)NC=O	7.14
spectra-00000_PSM_38_SJGVH7SNY0	ce4f631e7a2b4ea9b7696878e83684c4/spectra/specs_ms.mgf	7777	92101	5748	Unguisin_D_Unguisin_D	7	4.2e-11	738.443	301.216	438.618	M+2H	2	CCC(C)C1C(=O)NC(C)C(=O)NC(Cc2c[nH]c3ccccc23)C(=O)NCCCC(=O)NC(C)C(=O)NC(C(C)C)C(=O)NC(C(C)CC)C(=O)N1	6.67
spectra-00000_PSM_39_1YCG1I5SZF	ce4f631e7a2b4ea9b7696878e83684c4/spectra/specs_ms.mgf	16228	212862	8207	E'Surugamide_D'	7	7.0e-11	897.605	411.337	302.924	M+2H	2	NCCCC[C@H]1NC(=O)[C@H](NC(=O)[C@@H](NC(=O)[C@@H](C)NC(=O)[C@@H](NC(=O)[C@H](NC(=O)[C@H](NC(=O)[C@H](NC1=O)[C@H](CC)C)Cc1ccccc1)CC(C)C)[C@H](CC)C)C(C)C)[C@@H](CC)C	6.25
spectra-00000_PSM_41_XK5A77JZYM	ce4f631e7a2b4ea9b7696878e83684c4/spectra/specs_ms.mgf	26362	391644	8764	euryjanicin_B	6	8.6e-11	709.38	780.429	284.264	M+H	1	[C@@H]1([C@@H](C)O)NC(=O)[C@@H](NC(=O)[C@H]2N(C(=O)[C@H]3N(C(=O)[C@@H](NC(=O)[C@@H](NC(=O)[C@H]4N(C1=O)CCC4)Cc1ccccc1)C(C)C)CCC3)CCC2)C	4.00
spectra-00000_PSM_42_GL6NUCA9CD	ce4f631e7a2b4ea9b7696878e83684c4/spectra/specs_ms.mgf	20600	285220	8383	Chrysosporide	7	1.3e-10	509.358	486.329	192.416	M+H	1	N1C(=O)[C@H](NC(=O)[C@@H](NC(=O)[C@@H](NC(=O)[C@H](NC(=O)[C@@H]1C(C)C)C)CC(C)C)CC(C)C)CC(C)C	3.85
spectra-00000_PSM_43_0W0RGYNUNL	ce4f631e7a2b4ea9b7696878e83684c4/spectra/specs_ms.mgf	16446	215431	499	Sanguinamide_A_Sanguinamide_A	8	1.4e-10	721.362	414.736	288.102	M+2H	2	CCC(C)C1c2nc(cs2)C(=O)NC(C)C(=O)NC(Cc2ccccc2)C(=O)N2CCCC2C(=O)NC(C(C)CC)C(=O)N2CCCC2C(=O)N1	11.11
spectra-00000_PSM_44_A1MN872R18	ce4f631e7a2b4ea9b7696878e83684c4/spectra/specs_ms.mgf	18456	255773	1995	Tawicyclamide_B_Tawicyclamide_B	6	1.4e-10	772.322	446.245	154.163	M+2H	2	CCC(C)C1c2nc(cs2)C(=O)NC(C(C)C)C(=O)N2CCC(C2)C(=O)NC(C(C)C)c2nc(cs2)C(=O)NC(CC(C)C)C2=NC(CS2)C(=O)N1	10.53
spectra-00000_PSM_45_HYSPIOTMQB	ce4f631e7a2b4ea9b7696878e83684c4/spectra/specs_ms.mgf	19929	273793	5867	Isariins_Isariin_E	6	1.4e-10	553.348	472.314	183.896	M+H	1	CCCC1CC(=O)NCC(=O)NC(C(C)C)C(=O)NC(CC(C)C)C(=O)NC(C)C(=O)NC(C(C)C)C(=O)O1	3.70
spectra-00000_PSM_46_UAE9VYGPG4	ce4f631e7a2b4ea9b7696878e83684c4/spectra/specs_ms.mgf	16027	210714	1899	Lissoclinamide_1_Lissoclinamide_1	6	1.5e-10	705.277	409.212	122.363	M+2H	2	CCC(C)C1c2nc(cs2)C(=O)NC(Cc2ccccc2)C(=O)N2CCCC2C2=NC(C(C)O2)C(=O)NC(C(C)C)c2nc(cs2)C(=O)N1	10.00
spectra-00000_PSM_47_41FFHE38MW	ce4f631e7a2b4ea9b7696878e83684c4/spectra/specs_ms.mgf	11044	138604	141	Isariins_Isariin_D	6	1.6e-10	539.332	341.267	417.177	M+2H	2	CCCCC1CC(=O)NCC(=O)NC(C(C)C)C(=O)NC(CC(C)C)C(=O)NC(C)C(=O)NC(C)C(=O)O1	9.52
spectra-00000_PSM_48_HXT2PZ7LNT	ce4f631e7a2b4ea9b7696878e83684c4/spectra/specs_ms.mgf	18077	251144	1578	Myriastramide_A_Myriastramide_A	7	1.7e-10	854.433	440.25	157.941	M+2H	2	CCC(C)C1c2nc(c(C)o2)C(=O)NC(Cc2ccc(cc2)OCC=C(C)C)C(=O)N2CCCC2c2nc(co2)C(=O)NC(C)C(=O)N2CCCC2C(=O)N2CCCC2C(=O)N1	9.09
spectra-00000_PSM_49_M0IGLI4CQO	ce4f631e7a2b4ea9b7696878e83684c4/spectra/specs_ms.mgf	19485	268454	916	Clonostachysin_A_Clonostachysin_A	7	1.8e-10	1009.66	464.301	325.4	M+2H	2	CCC(C)C1C(=O)N(C)C(C)C(=O)N(C)CC(=O)N(C)C(CC(C)C)C(=O)N2CCCC2C(=O)N(C)C(Cc2ccc(cc2)OC)C(=O)NC(C)C(=O)N(C)C(C(C)C)C(=O)N(C)C(CC(C)C)C(=O)N1C	8.70
spectra-00000_PSM_50_KGXXPTC7DK	ce4f631e7a2b4ea9b7696878e83684c4/spectra/specs_ms.mgf	15253	200552	7561	Aurilide_C_Aurilide_C	6	2.2e-10	819.536	397.31	499.81	M+2H	2	CCC=C(C)C1C(C)C(CC=C(C)C(=O)OC(C(C)C)C(=O)NC(C(C)C)C(=O)N(C)C(C(C)CC)C(=O)N(C)CC(=O)NC(C(C)C)C(=O)N(C)C(C)C(=O)O1)O	8.33
spectra-00000_PSM_51_5EYF6PUQ7F	ce4f631e7a2b4ea9b7696878e83684c4/spectra/specs_ms.mgf	15468	203762	5748	Unguisin_D_Unguisin_D	6	2.9e-10	738.443	400.318	362.809	M+2H	2	CCC(C)C1C(=O)NC(C)C(=O)NC(Cc2c[nH]c3ccccc23)C(=O)NCCCC(=O)NC(C)C(=O)NC(C(C)C)C(=O)NC(C(C)CC)C(=O)N1	8.00
spectra-00000_PSM_52_G4XG5MIXJ9	ce4f631e7a2b4ea9b7696878e83684c4/spectra/specs_ms.mgf	15439	203532	8589	Emericellamide_B	6	3.5e-10	651.457	399.337	340.562	M+2H	2	O1[C@@H]([C@H](C(=O)NCC(=O)N[C@H](C(=O)N[C@H](C(=O)N[C@H](C(=O)N[C@H](C1=O)C)C)CC(C)C)C(C)C)C)[C@H](C[C@H](CCCCCC)C)C	7.69
spectra-00000_PSM_53_WW9JD5ZZOW	ce4f631e7a2b4ea9b7696878e83684c4/spectra/specs_ms.mgf	12638	158620	8660	Planktocyclin;_cyclo(Pro-Gly-Leu-Val-Met	8	3.9e-10	800.425	362.229	205.651	M+2H	2	C1(=O)N2[C@H](C(=O)NCC(=O)N[C@H](C(=O)N[C@H](C(=O)N[C@H](C(=O)N[C@H](C(=O)NCC(=O)N[C@H]1C(C)C)Cc1ccccc1)CCSC)C(C)C)CC(C)C)CCC2	7.41
spectra-00000_PSM_54_OJY56MYMTG	ce4f631e7a2b4ea9b7696878e83684c4/spectra/specs_ms.mgf	14561	191440	5808	Triptotin_L_Triptotin_L	6	3.9e-10	665.473	387.26	169.559	M+2H	2	CC(C)CCCCC(C)(C)CCCC1CC(=O)NCC(=O)NC(C(C)C)C(=O)NC(CC(C)C)C(=O)NC(C)C(=O)NC(C)C(=O)O1	7.14
spectra-00000_PSM_55_BP8CON6JCX	ce4f631e7a2b4ea9b7696878e83684c4/spectra/specs_ms.mgf	19928	273791	5805	Isariins_Isariin_C2	6	4.2e-10	567.363	472.313	179.098	M+H	1	CCCCC1CC(=O)NCC(=O)NC(C(C)C)C(=O)NC(CC(C)C)C(=O)NC(C)C(=O)NC(C(C)C)C(=O)O1	3.57
spectra-00000_PSM_56_K3M6DBZ852	ce4f631e7a2b4ea9b7696878e83684c4/spectra/specs_ms.mgf	9889	116286	8589	Emericellamide_B	6	1.2e-09	651.457	327.25	406.991	M+2H	2	O1[C@@H]([C@H](C(=O)NCC(=O)N[C@H](C(=O)N[C@H](C(=O)N[C@H](C(=O)N[C@H](C1=O)C)C)CC(C)C)C(C)C)C)[C@H](C[C@H](CCCCCC)C)C	6.90
spectra-00000_PSM_57_YE99SLBAG0	ce4f631e7a2b4ea9b7696878e83684c4/spectra/specs_ms.mgf	11027	138311	8589	Emericellamide_B	6	1.3e-09	651.457	341.247	434.43	M+2H	2	O1[C@@H]([C@H](C(=O)NCC(=O)N[C@H](C(=O)N[C@H](C(=O)N[C@H](C(=O)N[C@H](C1=O)C)C)CC(C)C)C(C)C)C)[C@H](C[C@H](CCCCCC)C)C	6.67
None	ce4f631e7a2b4ea9b7696878e83684c4/spectra/specs_ms.mgf	20142	279127	9212	stylissamide_X	6	2.4e-09	951.522	476.768	349.88	M+2H	2	[C@@H]12N(C(=O)[C@@H](NC(=O)[C@@H](NC(=O)[C@H]3N(C(=O)[C@@H](NC(=O)[C@H]4N(C(=O)[C@@H](NC(=O)[C@@H](NC1=O)CC(C)C)[C@@H](C)O)CCC4)[C@H](CC)C)CCC3)Cc1c3c([nH]c1)cccc3)Cc1ccccc1)CCC2	6.45
spectra-00000_PSM_59_FW9XJWU2PB	ce4f631e7a2b4ea9b7696878e83684c4/spectra/specs_ms.mgf	10330	120702	2065	Scopularide_A_Scopularide_A	6	2.7e-09	671.426	333.188	342.477	M+2H	2	CCCCCCC(C)C1CC(=O)NCC(=O)NC(C(C)C)C(=O)NC(CC(C)C)C(=O)NC(C)C(=O)NC(Cc2ccccc2)C(=O)O1	6.25
spectra-00000_PSM_60_65DLI964UP	ce4f631e7a2b4ea9b7696878e83684c4/spectra/specs_ms.mgf	16840	222491	5028	Myxochromide_B_Myxochromide_B2	6	2.8e-09	946.553	420.762	172.021	M+2H	2	CCC=CC=CC=CC=CC=CC=CC=CC(=O)N(C)C1C(C)OC(=O)C(CCC(=N)O)NC(=O)C(C)NC(=O)C2CCCN2C(=O)C(CC(C)C)NC(=O)C(CC(C)C)NC(=O)C(C)NC1=O	6.06
spectra-00000_PSM_61_9DN0PC2YAW	ce4f631e7a2b4ea9b7696878e83684c4/spectra/specs_ms.mgf	25945	381929	8481	malaysiatin	6	2.8e-09	752.422	709.428	247.896	M+H	1	C(C1NC(=O)C(NC(=O)C(NC(=O)C(NC(=O)C(NC(=O)C2N(C(=O)C3N(C1=O)CCC3)CCC2)Cc1ccccc1)C(C)C)C(C)C)C(C)C)C(=O)N	3.45
spectra-00000_PSM_62_6UBSH1NUQB	ce4f631e7a2b4ea9b7696878e83684c4/spectra/specs_ms.mgf	5040	55797	8383	Chrysosporide	6	3.3e-09	509.358	269.136	311.573	M+2H	2	N1C(=O)[C@H](NC(=O)[C@@H](NC(=O)[C@@H](NC(=O)[C@H](NC(=O)[C@@H]1C(C)C)C)CC(C)C)CC(C)C)CC(C)C	5.88
spectra-00000_PSM_63_ZR7IGBG4NZ	ce4f631e7a2b4ea9b7696878e83684c4/spectra/specs_ms.mgf	19579	269494	2162	Citrusin_VI_Citrusin_VI	6	3.9e-09	794.469	466.306	284.305	M+2H	2	CC(C)CC1C(=O)NC(CC(C)C)C(=O)NC(CC(C)C)C(=O)N2CCCC2C(=O)N2CCCC2C(=O)NC(Cc2ccccc2)C(=O)NCC(=O)NCC(=O)N1	5.71
spectra-00000_PSM_65_GUTXE0SMRF	ce4f631e7a2b4ea9b7696878e83684c4/spectra/specs_ms.mgf	18448	255683	5183	Patellin_5_Patellin_5	6	4.9e-09	948.514	445.737	140.774	M+2H	2	C=CC(C)(C)OCC1C(=O)NC(Cc2ccccc2)C2=NC(CS2)C(=O)NC(C(C)OC(C)(C)C=C)C(=O)NC(C(C)C)C(=O)N2CCCC2C(=O)NC(C(C)C)C(=O)N2CCCC2C(=O)N1	8.11
spectra-00000_PSM_66_308HSSQ4PO	ce4f631e7a2b4ea9b7696878e83684c4/spectra/specs_ms.mgf	12725	167272	6109	Isariins_Isariin_G1	6	6.0e-09	609.41	363.215	283.907	M+2H	2	CCCCCCCC1CC(=O)NCC(=O)NC(C(C)C)C(=O)NC(CC(C)C)C(=O)NC(C)C(=O)NC(C(C)C)C(=O)O1	7.89
spectra-00000_PSM_67_FSDQLJYDZ9	ce4f631e7a2b4ea9b7696878e83684c4/spectra/specs_ms.mgf	21845	304008	7562	Kulokainalide_1_Kulokainalide_1	6	6.3e-09	890.515	516.83	237.617	M+2H	2	C#CCCCC1C(C)(C)C(=O)NC(C(C)C)C(=O)N(C)C(C(C)C)C(=O)OC(C)C(=O)N2CCCC2C(=O)N2CCCC2C(=O)NC(C(C)C)C(=O)NC(Cc2ccccc2)C(=O)O1	7.69
spectra-00000_PSM_68_YTS67YUOS6	ce4f631e7a2b4ea9b7696878e83684c4/spectra/specs_ms.mgf	13666	180661	7561	Aurilide_C_Aurilide_C	6	7.5e-09	819.536	375.253	336.018	M+2H	2	CCC=C(C)C1C(C)C(CC=C(C)C(=O)OC(C(C)C)C(=O)NC(C(C)C)C(=O)N(C)C(C(C)CC)C(=O)N(C)CC(=O)NC(C(C)C)C(=O)N(C)C(C)C(=O)O1)O	7.50
spectra-00000_PSM_69_PYSGS1OZLN	ce4f631e7a2b4ea9b7696878e83684c4/spectra/specs_ms.mgf	7603	89694	2065	Scopularide_A_Scopularide_A	6	7.9e-09	671.426	299.17	339.249	M+2H	2	CCCCCCC(C)C1CC(=O)NCC(=O)NC(C(C)C)C(=O)NC(CC(C)C)C(=O)NC(C)C(=O)NC(Cc2ccccc2)C(=O)O1	7.32
spectra-00000_PSM_70_9AXH2D9HHB	ce4f631e7a2b4ea9b7696878e83684c4/spectra/specs_ms.mgf	20890	288124	2010	Xentrivalpeptides_Xentrivalpeptide_N	6	7.9e-09	873.5	493.271	153.014	M+2H	2	CCC(C)C1C(=O)OC(C)C(C(=O)NC(Cc2ccccc2)C(=O)N2CCCC2C(=O)NC(C(C)C)C(=O)NC(C(C)C)C(=O)N1)NC(=O)C(C(C)C)NC(=O)Cc1ccccc1	7.14
spectra-00000_PSM_71_7WKFKEZY6A	ce4f631e7a2b4ea9b7696878e83684c4/spectra/specs_ms.mgf	21715	302489	5330	Wewakazole_Wewakazole	7	1.1e-08	1140.54	513.338	217.933	M+2H	2	CCC(C)C1c2nc(co2)C(=O)NC(C)C(=O)N2CCCC2C(=O)N2CCCC2C(=O)NCC(=O)NC(C(C)C)c2nc(c(C)o2)C(=O)NC(Cc2ccccc2)c2nc(co2)C(=O)NC(Cc2ccccc2)C(=O)N2CCCC2C(=O)N1	6.98
spectra-00000_PSM_72_5KOI2MBG2I	ce4f631e7a2b4ea9b7696878e83684c4/spectra/specs_ms.mgf	23081	322336	1929	[D-Asp3,(E)-Dhb7]Microcystin_LR_9'-O-De-Me,_9'-Ac	6	1.1e-08	1008.53	553.331	452.49	M+2H	2	CC=C1C(=O)NC(C)C(=O)NC(CC(C)C)C(=O)NC(CC(=O)NC(CCCNC(=N)N)C(=O)NC(C=CC(=CC(C)C(Cc2ccccc2)OC(=O)C)C)C(C)C(=O)NC(CCC(=O)N1)C(=O)O)C(=O)O	6.82
spectra-00000_PSM_73_PRJN08NFDX	ce4f631e7a2b4ea9b7696878e83684c4/spectra/specs_ms.mgf	23670	333623	5330	Wewakazole_Wewakazole	6	1.8e-08	1140.54	575.327	187.641	M+2H	2	CCC(C)C1c2nc(co2)C(=O)NC(C)C(=O)N2CCCC2C(=O)N2CCCC2C(=O)NCC(=O)NC(C(C)C)c2nc(c(C)o2)C(=O)NC(Cc2ccccc2)c2nc(co2)C(=O)NC(Cc2ccccc2)C(=O)N2CCCC2C(=O)N1	6.67
spectra-00000_PSM_74_Y1XS7OVXHU	ce4f631e7a2b4ea9b7696878e83684c4/spectra/specs_ms.mgf	21023	290102	4265	Dolastatin_1_11-N-Me	6	1.8e-08	998.605	496.272	230.034	M+2H	2	CCC(C)C1C(=O)NCC(=O)N(C)C(CC(C)C)C(=O)NCC(=O)N(C)C(C(C)C)C(=O)N(C)C(Cc2ccc(cc2)OC)C(=O)NC(C)C(=O)C(C)(C)C(=O)N(C)C(C)C(=O)NC(CC)C(C)C(=O)O1	6.52
spectra-00000_PSM_75_G557VYJ9FN	ce4f631e7a2b4ea9b7696878e83684c4/spectra/specs_ms.mgf	21993	306045	3683	Cyclolinopeptide_B_Cyclolinopeptide_B	6	2.1e-08	1057.6	520.822	209.106	M+2H	2	CCC(C)C1C(=O)NC(CCSC)C(=O)NC(CC(C)C)C(=O)NC(C(C)CC)C(=O)N2CCCC2C(=O)N2CCCC2C(=O)NC(Cc2ccccc2)C(=O)NC(Cc2ccccc2)C(=O)NC(C(C)C)C(=O)N1	6.38
spectra-00000_PSM_76_U4RP0X654I	ce4f631e7a2b4ea9b7696878e83684c4/spectra/specs_ms.mgf	17137	225504	5524	Axinastatin_4_Axinastatin_4	6	2.9e-08	806.469	425.276	166.235	M+2H	2	CC(C)CC1C(=O)NC(Cc2c[nH]c3ccccc23)C(=O)NC(C(C)C)C(=O)N2CCCC2C(=O)NC(CC(C)C)C(=O)NC(C(C)O)C(=O)N2CCCC2C(=O)N1	6.25
spectra-00000_PSM_77_FNAEBZLT3X	ce4f631e7a2b4ea9b7696878e83684c4/spectra/specs_ms.mgf	22840	319630	4617	Barangamides_Barangamide_C	6	5.0e-08	1077.72	546.31	292.923	M+2H	2	CCC(C)C1C(=O)NCCC(=O)NC(C(C)C)C(=O)N(C)C(C(C)C)C(=O)NC(C)C(=O)NCCC(=O)NC(CC(C)C)C(=O)N(C)C(C(C)CC)C(=O)NC(C(C)O)C(=O)NCCC(=O)NC(CC(C)C)C(=O)N1C	6.12
spectra-00000_PSM_78_AWJ8N7BSRM	ce4f631e7a2b4ea9b7696878e83684c4/spectra/specs_ms.mgf	23243	324605	4899	Cyclosporin,_9CI_Deoxy	6	5.4e-08	1185.85	559.362	316.678	M+2H	2	CC=CCC(C)CC1C(=O)NC(CC)C(=O)N(C)CC(=O)N(C)C(CC(C)C)C(=O)NC(C(C)C)C(=O)N(C)C(CC(C)C)C(=O)NC(C)C(=O)NC(C)C(=O)N(C)C(CC(C)C)C(=O)N(C)C(CC(C)C)C(=O)N(C)C(C(C)C)C(=O)N1C	6.00
spectra-00000_PSM_79_C5343YYODY	ce4f631e7a2b4ea9b7696878e83684c4/spectra/specs_ms.mgf	22493	312516	5330	Wewakazole_Wewakazole	6	5.6e-08	1140.54	535.278	186.488	M+2H	2	CCC(C)C1c2nc(co2)C(=O)NC(C)C(=O)N2CCCC2C(=O)N2CCCC2C(=O)NCC(=O)NC(C(C)C)c2nc(c(C)o2)C(=O)NC(Cc2ccccc2)c2nc(co2)C(=O)NC(Cc2ccccc2)C(=O)N2CCCC2C(=O)N1	5.88
spectra-00000_PSM_80_UMXKO6N91N	ce4f631e7a2b4ea9b7696878e83684c4/spectra/specs_ms.mgf	19213	264796	5020	Patellamide_B_Patellamide_B	6	7.5e-08	776.314	459.262	183.457	M+2H	2	CCC(C)C1C2=NC(C(C)O2)C(=O)NC(Cc2ccccc2)c2nc(cs2)C(=O)NC(CC(C)C)C2=NC(C(C)O2)C(=O)NC(C)c2nc(cs2)C(=O)N1	5.77
spectra-00000_PSM_81_3C4ODUS0D2	ce4f631e7a2b4ea9b7696878e83684c4/spectra/specs_ms.mgf	24578	351033	8029	A1437	6	7.7e-08	1273.62	613.389	244.79	M+2H	2	C/C=C/CCCCCC/C=C/CC(=O)N[C@@H](C(=O)N[C@@H]1N(C)C(=O)[C@H]2CCCN2C(=O)[C@@H](NC(=O)[C@@H](NC(=O)CNC(=O)[C@@H](NC(=O)CNC(=O)[C@@H](NC(=O)[C@H](NC(=O)[C@@H]2N(C1=O)CCCC2)[C@@H](C(=O)O)C)CC(=O)O)CC(=O)O)[C@@H](N)C)C(C)C)CC(=O)O	5.66
spectra-00000_PSM_82_CKOP7R2D4F	ce4f631e7a2b4ea9b7696878e83684c4/spectra/specs_ms.mgf	22757	318611	1501	Lobocyclamide_A_Lobocyclamide_A	6	9.7e-08	1197.7	542.797	344.739	M+2H	2	CCCCCC1CC(=O)NC(CO)C(=O)NC(=CC)C(=O)N2CC(CC2C(=O)NC(CCO)C(=O)NC(Cc2ccc(cc2)O)C(=O)NC(CC(C)C)C(=O)NC(C(C)CC)C(=O)NC(C(C)CC)C(=O)NC(CC(C)C)C(=O)NCC(=O)N1)O	5.56
spectra-00000_PSM_83_FL43AC6ZH0	ce4f631e7a2b4ea9b7696878e83684c4/spectra/specs_ms.mgf	24175	342714	1501	Lobocyclamide_A_Lobocyclamide_A	6	1.0e-07	1197.7	595.374	358.076	M+2H	2	CCCCCC1CC(=O)NC(CO)C(=O)NC(=CC)C(=O)N2CC(CC2C(=O)NC(CCO)C(=O)NC(Cc2ccc(cc2)O)C(=O)NC(CC(C)C)C(=O)NC(C(C)CC)C(=O)NC(C(C)CC)C(=O)NC(CC(C)C)C(=O)NCC(=O)N1)O	5.45
spectra-00000_PSM_84_GJ10UJLHD9	ce4f631e7a2b4ea9b7696878e83684c4/spectra/specs_ms.mgf	22045	306689	5330	Wewakazole_Wewakazole	6	1.7e-07	1140.54	522.292	158.708	M+2H	2	CCC(C)C1c2nc(co2)C(=O)NC(C)C(=O)N2CCCC2C(=O)N2CCCC2C(=O)NCC(=O)NC(C(C)C)c2nc(c(C)o2)C(=O)NC(Cc2ccccc2)c2nc(co2)C(=O)NC(Cc2ccccc2)C(=O)N2CCCC2C(=O)N1	5.36
spectra-00000_PSM_85_K74AY7NQRO	ce4f631e7a2b4ea9b7696878e83684c4/spectra/specs_ms.mgf	26502	394996	6006	Malevamide_C_Malevamide_C	7	1.9e-07	1511.94	817.517	350.081	M+2H	2	C#CCCCC1C(C)C(=O)OC(C(C)C)C(=O)NC(C)C(=O)N2CCCC2C(=O)N(C)C(C(C)C)C(=O)N(C)C(COC)C(=O)N(C)C(Cc2ccccc2)C(=O)N(C)C(C)C(=O)NC(C)C(=O)N(C)C(C(C)C)C(=O)NC(CC(C)C)C(=O)N2CCCC2C(=O)N2CCCC2C(=O)N(C)C(C(C)CC)C(=O)N1	5.26
spectra-00000_PSM_86_L05R4NIOD1	ce4f631e7a2b4ea9b7696878e83684c4/spectra/specs_ms.mgf	20977	289113	1579	Kahalalide_Y_Kahalalide_Y	6	6.2e-07	875.479	495.291	163.295	M+2H	2	CC(C)CCCCCC1CC(=O)NC(Cc2ccccc2)C(=O)N2CCCC2C(=O)NC(C)C(=O)NC(C(C)C)C(=O)NC(CC(=N)O)C(=O)NC(Cc2ccc(cc2)O)C(=O)O1	5.17
spectra-00000_PSM_87_C1BJ5LI787	ce4f631e7a2b4ea9b7696878e83684c4/spectra/specs_ms.mgf	23974	338004	5330	Wewakazole_Wewakazole	6	1.8e-06	1140.54	587.286	206.398	M+2H	2	CCC(C)C1c2nc(co2)C(=O)NC(C)C(=O)N2CCCC2C(=O)N2CCCC2C(=O)NCC(=O)NC(C(C)C)c2nc(c(C)o2)C(=O)NC(Cc2ccccc2)c2nc(co2)C(=O)NC(Cc2ccccc2)C(=O)N2CCCC2C(=O)N1	5.08
